Dataset,Algorithm,Support,Run-time (s),Memory (KiB),Nb Motifs,Supports motifs,Motifs détectés
Cargo 2000,PSO-GRAANK,0.3,432.5697908401489,75.7,4,"[0.491, 0.357, 0.422, 0.407]","[['i1_legid+', 'i1_rcs_e-'], ['i1_legid+', 'i1_rcs_p+', 'i1_dep_1_e+'], ['i1_legid+', 'i1_rcs_p+', 'i1_rcs_e+'], ['i1_legid+', 'i1_rcs_p-', 'i1_rcs_e-']]"
Cargo 2000,PRS-GRAANK,0.3,36.59910345077515,55.8,3,"[0.494, 0.421, 0.301]","[['i1_legid+', 'i1_rcs_p-'], ['i1_legid+', 'i1_dep_1_p+'], ['i1_legid+', 'i1_rcs_e+', 'i1_rcf_1_p+']]"
Cargo 2000,GA-GRAANK,0.3,679.3130702972412,75.2,1,[0.306],"[['i1_legid-', 'i1_rcs_e+', 'i1_rcf_1_p+']]"
Cargo 2000,PRS-GRAANK,0.34,46.22727680206299,55.5,3,"[0.421, 0.407, 0.508]","[['i1_legid+', 'i1_dep_1_p+'], ['i1_legid+', 'i1_rcs_p-', 'i1_rcs_e-'], ['i1_legid+', 'i1_rcs_e+']]"
Cargo 2000,PSO-GRAANK,0.34,428.1520631313324,75.8,4,"[0.407, 0.506, 0.422, 0.421]","[['i1_legid+', 'i1_rcs_p-', 'i1_rcs_e-'], ['i1_legid+', 'i1_rcs_p+'], ['i1_legid+', 'i1_rcs_p+', 'i1_rcs_e+'], ['i1_legid+', 'i1_dep_1_p+']]"
Cargo 2000,GA-GRAANK,0.34,677.2564387321472,74.0,1,[0.424],"[['i1_legid-', 'i1_dep_1_p+']]"
Cargo 2000,PRS-GRAANK,0.38,51.77090406417847,51.5,2,"[0.494, 0.506]","[['i1_legid+', 'i1_rcs_p-'], ['i1_legid+', 'i1_rcs_p+']]"
Cargo 2000,PSO-GRAANK,0.38,431.9709894657135,75.1,2,"[0.422, 0.504]","[['i1_legid+', 'i1_rcs_p+', 'i1_rcs_e+'], ['i1_legid+', 'i1_dep_1_e+']]"
Cargo 2000,GA-GRAANK,0.38,689.8795146942139,74.8,1,[0.49],"[['i1_rcs_p+', 'i2_rcs_p+']]"
Cargo 2000,PRS-GRAANK,0.4,37.325695276260376,50.5,2,"[0.506, 0.422]","[['i1_legid+', 'i1_rcs_p+'], ['i1_legid+', 'i1_rcs_p+', 'i1_rcs_e+']]"
Cargo 2000,GA-GRAANK,0.4,719.8729984760284,74.0,1,[0.484],"[['i1_dep_1_e-', 'i1_dep_1_place+']]"
Cargo 2000,PSO-GRAANK,0.4,405.56691312789917,75.4,1,[0.506],"[['i1_legid+', 'i1_rcs_p+']]"
Cargo 2000,PSO-GRAANK,0.5,419.6201696395874,73.7,3,"[0.51, 0.506, 0.51]","[['i1_legid+', 'o_rcs_p+'], ['i1_legid+', 'i1_rcs_p+'], ['i1_legid+', 'i1_rcf_1_e-']]"
Cargo 2000,PRS-GRAANK,0.5,47.77294635772705,53.0,3,"[0.508, 0.504, 0.506]","[['i1_legid+', 'i1_rcs_e+'], ['i1_legid+', 'i1_dep_1_e+'], ['i1_legid+', 'i1_rcs_p+']]"
Cargo 2000,GA-GRAANK,0.5,710.2913575172424,76.5,0,[],[]
Cargo 2000,GA-GRAANK,0.6,648.7038674354553,79.7,0,[],[]
Cargo 2000,PSO-GRAANK,0.6,436.49295568466187,78.9,0,[],[]
Cargo 2000,PRS-GRAANK,0.6,41.32520270347595,59.8,0,[],[]
Cargo 2000,PSO-GRAANK,0.7,418.0009124279022,78.4,0,[],[]
Cargo 2000,GA-GRAANK,0.7,589.7624545097351,78.7,0,[],[]
Cargo 2000,PRS-GRAANK,0.7,66.52532172203064,55.6,0,[],[]
Cargo 2000,PRS-GRAANK,0.8,52.11126160621643,52.5,0,[],[]
Cargo 2000,GA-GRAANK,0.8,648.6894726753235,76.5,0,[],[]
Cargo 2000,PSO-GRAANK,0.8,423.619811296463,77.9,0,[],[]
Cargo 2000,GA-GRAANK,0.9,402.55401515960693,74.1,0,[],[]
Cargo 2000,PSO-GRAANK,0.9,293.50638461112976,69.3,0,[],[]
Cargo 2000,PRS-GRAANK,0.9,28.27026629447937,50.1,0,[],[]
Cargo 2000,PRS-GRAANK,1.0,2.459523916244507,37.0,0,[],[]
Chickenpox,GA-GRAANK,0.3,7.107707500457764,85.4,3,"[0.302, 0.305, 0.327]","[['BUDAPEST+', 'BARANYA+', 'BACS+', 'BEKES+', 'BORSOD+', 'CSONGRAD+', 'FEJER+', 'GYOR+', 'HAJDU+', 'HEVES+', 'JASZ+', 'KOMAROM+', 'PEST+'], ['BUDAPEST+', 'BARANYA+', 'BACS+', 'BEKES+', 'BORSOD+', 'CSONGRAD+', 'GYOR+', 'HAJDU+', 'HEVES+', 'JASZ+', 'SOMOGY+', 'VESZPREM+'], ['BUDAPEST+', 'CSONGRAD+', 'HAJDU+', 'HEVES+', 'JASZ+', 'KOMAROM+', 'SZABOLCS+', 'VAS+']]"
Chickenpox,PRS-GRAANK,0.3,0.7011129856109619,54.7,2,"[0.312, 0.313]","[['BUDAPEST+', 'BARANYA+', 'BEKES+', 'GYOR+', 'NOGRAD+', 'SOMOGY+', 'TOLNA+', 'VAS+', 'VESZPREM+'], ['BUDAPEST+', 'BACS+', 'BEKES+', 'CSONGRAD+', 'FEJER+', 'GYOR+', 'HEVES+', 'JASZ+', 'KOMAROM+', 'PEST+', 'SOMOGY+']]"
Chickenpox,PSO-GRAANK,0.3,6.22536039352417,79.4,4,"[0.313, 0.316, 0.348, 0.302]","[['BUDAPEST+', 'BARANYA+', 'BACS+', 'BEKES+', 'BORSOD+', 'CSONGRAD+', 'HAJDU+', 'HEVES+', 'JASZ+', 'PEST+', 'SZABOLCS+'], ['BUDAPEST+', 'BACS+', 'BEKES+', 'CSONGRAD+', 'GYOR+', 'HEVES+', 'JASZ+', 'KOMAROM+', 'NOGRAD+', 'PEST+'], ['BUDAPEST+', 'BARANYA+', 'BACS+', 'FEJER+', 'HEVES+', 'JASZ+', 'NOGRAD+', 'SOMOGY+', 'VESZPREM+'], ['BUDAPEST+', 'BARANYA+', 'BACS+', 'BEKES+', 'CSONGRAD+', 'HEVES+', 'SOMOGY+', 'SZABOLCS+', 'TOLNA+']]"
Chickenpox,PSO-GRAANK,0.34,5.95919394493103,77.5,4,"[0.359, 0.353, 0.351, 0.346]","[['BUDAPEST+', 'BARANYA+', 'BACS+', 'BEKES+', 'CSONGRAD+', 'GYOR+', 'JASZ+', 'KOMAROM+', 'PEST+'], ['BUDAPEST+', 'BARANYA+', 'BACS+', 'BORSOD+', 'JASZ+', 'NOGRAD+', 'SOMOGY+', 'VAS+'], ['BUDAPEST+', 'BEKES+', 'CSONGRAD+', 'FEJER+', 'GYOR+', 'HAJDU+', 'SOMOGY+', 'SZABOLCS+'], ['BUDAPEST+', 'BARANYA+', 'BACS+', 'BEKES+', 'BORSOD+', 'CSONGRAD+', 'FEJER+', 'GYOR+', 'HEVES+']]"
Chickenpox,GA-GRAANK,0.34,5.737857818603516,88.3,5,"[0.342, 0.341, 0.344, 0.363, 0.356]","[['BUDAPEST+', 'BACS+', 'BORSOD+', 'FEJER+', 'GYOR+', 'HEVES+', 'NOGRAD+', 'PEST+', 'SOMOGY+', 'SZABOLCS+'], ['BUDAPEST+', 'BACS+', 'BORSOD+', 'CSONGRAD+', 'GYOR+', 'HAJDU+', 'JASZ+', 'KOMAROM+', 'NOGRAD+'], ['BUDAPEST+', 'BARANYA+', 'CSONGRAD+', 'FEJER+', 'HAJDU+', 'JASZ+', 'NOGRAD+', 'PEST+', 'SOMOGY+'], ['BUDAPEST+', 'BARANYA+', 'BACS+', 'BEKES+', 'KOMAROM+', 'NOGRAD+', 'PEST+', 'TOLNA+'], ['BUDAPEST+', 'BACS+', 'BEKES+', 'CSONGRAD+', 'FEJER+', 'HAJDU+', 'HEVES+', 'JASZ+']]"
Chickenpox,PRS-GRAANK,0.34,0.7105367183685303,57.1,3,"[0.369, 0.35, 0.356]","[['BUDAPEST+', 'BARANYA+', 'BEKES+', 'CSONGRAD+', 'FEJER+', 'HEVES+', 'SOMOGY+'], ['BUDAPEST+', 'BARANYA+', 'BORSOD+', 'CSONGRAD+', 'HEVES+', 'NOGRAD+', 'SOMOGY+', 'VESZPREM+'], ['BUDAPEST+', 'BARANYA+', 'BEKES+', 'BORSOD+', 'GYOR+', 'HAJDU+', 'HEVES+', 'PEST+', 'SOMOGY+', 'SZABOLCS+']]"
Chickenpox,PRS-GRAANK,0.38,0.9482364654541016,63.3,5,"[0.395, 0.391, 0.383, 0.389, 0.388]","[['BUDAPEST+', 'BEKES+', 'BORSOD+', 'CSONGRAD+', 'GYOR+', 'HAJDU+', 'HEVES+'], ['BUDAPEST+', 'BARANYA+', 'BORSOD+', 'JASZ+', 'KOMAROM+', 'NOGRAD+', 'SOMOGY+'], ['BUDAPEST+', 'BARANYA+', 'BEKES+', 'BORSOD+', 'HAJDU+', 'HEVES+', 'JASZ+', 'KOMAROM+'], ['BUDAPEST+', 'BACS+', 'BORSOD+', 'CSONGRAD+', 'FEJER+', 'HAJDU+', 'HEVES+', 'PEST+'], ['BUDAPEST+', 'BARANYA+', 'BEKES+', 'FEJER+', 'GYOR+', 'HAJDU+', 'JASZ+', 'PEST+', 'SOMOGY+']]"
Chickenpox,PSO-GRAANK,0.38,4.165442943572998,79.9,6,"[0.391, 0.394, 0.39, 0.402, 0.383, 0.389]","[['BUDAPEST+', 'BACS+', 'BEKES+', 'BORSOD+', 'CSONGRAD+', 'FEJER+', 'GYOR+'], ['BUDAPEST+', 'BACS+', 'BEKES+', 'CSONGRAD+', 'FEJER+', 'GYOR+', 'HAJDU+'], ['BUDAPEST+', 'BACS+', 'BEKES+', 'BORSOD+', 'HEVES+', 'JASZ+', 'PEST+', 'VESZPREM+'], ['BUDAPEST+', 'BACS+', 'BEKES+', 'CSONGRAD+', 'HEVES+', 'JASZ+'], ['BUDAPEST+', 'BORSOD+', 'CSONGRAD+', 'HEVES+', 'NOGRAD+', 'PEST+', 'VESZPREM+'], ['BUDAPEST+', 'BARANYA+', 'BACS+', 'BEKES+', 'BORSOD+', 'FEJER+', 'HAJDU+', 'HEVES+']]"
Chickenpox,GA-GRAANK,0.38,4.587589979171753,89.2,5,"[0.423, 0.396, 0.387, 0.395, 0.39]","[['BUDAPEST+', 'BEKES+', 'GYOR+', 'HAJDU+', 'SOMOGY+', 'TOLNA+'], ['BUDAPEST+', 'BACS+', 'BEKES+', 'BORSOD+', 'FEJER+', 'GYOR+', 'HAJDU+', 'HEVES+'], ['BUDAPEST+', 'BACS+', 'BEKES+', 'FEJER+', 'HAJDU+', 'HEVES+', 'KOMAROM+', 'PEST+'], ['BUDAPEST+', 'BARANYA+', 'BEKES+', 'BORSOD+', 'GYOR+', 'HAJDU+', 'HEVES+', 'SOMOGY+'], ['BUDAPEST+', 'BACS+', 'CSONGRAD+', 'FEJER+', 'HAJDU+', 'HEVES+', 'JASZ+']]"
Chickenpox,GA-GRAANK,0.4,4.908430337905884,82.9,2,"[0.416, 0.422]","[['BUDAPEST+', 'BARANYA+', 'BACS+', 'BEKES+', 'BORSOD+', 'CSONGRAD+'], ['BUDAPEST+', 'BACS+', 'BEKES+', 'BORSOD+', 'CSONGRAD+', 'GYOR+']]"
Chickenpox,PRS-GRAANK,0.4,1.1695225238800049,57.5,4,"[0.401, 0.411, 0.401, 0.45]","[['BUDAPEST+', 'BARANYA+', 'BACS+', 'BEKES+', 'BORSOD+', 'CSONGRAD+', 'PEST+'], ['BUDAPEST+', 'BACS+', 'BEKES+', 'BORSOD+', 'CSONGRAD+', 'JASZ+'], ['BUDAPEST+', 'BACS+', 'BEKES+', 'BORSOD+', 'CSONGRAD+', 'GYOR+', 'HAJDU+'], ['BUDAPEST+', 'BARANYA+', 'BACS+', 'BEKES+', 'GYOR+', 'JASZ+']]"
Chickenpox,PSO-GRAANK,0.4,3.8156633377075195,73.2,3,"[0.409, 0.405, 0.414]","[['BUDAPEST+', 'BACS+', 'BEKES+', 'BORSOD+', 'CSONGRAD+', 'FEJER+'], ['BUDAPEST+', 'BACS+', 'BORSOD+', 'CSONGRAD+', 'FEJER+', 'GYOR+', 'HAJDU+', 'PEST+'], ['BUDAPEST+', 'BACS+', 'CSONGRAD+', 'FEJER+', 'GYOR+', 'HEVES+', 'PEST+']]"
Chickenpox,PSO-GRAANK,0.5,6.654433727264404,69.2,3,"[0.526, 0.5, 0.531]","[['BUDAPEST+', 'BEKES+', 'BORSOD+', 'FEJER+'], ['BUDAPEST+', 'BACS+', 'BEKES+', 'HAJDU+', 'PEST+'], ['BUDAPEST+', 'BARANYA+', 'BACS+', 'BEKES+']]"
Chickenpox,GA-GRAANK,0.5,4.052207946777344,79.6,2,"[0.531, 0.514]","[['BUDAPEST+', 'BARANYA+', 'BACS+', 'BEKES+'], ['BUDAPEST+', 'BACS+', 'BEKES+', 'FEJER+']]"
Chickenpox,PRS-GRAANK,0.5,1.241295337677002,51.1,3,"[0.501, 0.511, 0.504]","[['BUDAPEST+', 'BACS+', 'BORSOD+', 'HAJDU+', 'HEVES+'], ['BUDAPEST+', 'BARANYA+', 'BACS+', 'BORSOD+', 'HAJDU+'], ['BUDAPEST+', 'BARANYA+', 'BACS+', 'BEKES+', 'PEST+']]"
Chickenpox,GA-GRAANK,0.6,7.579994440078735,80.0,1,[0.633],"[['BUDAPEST+', 'BARANYA+', 'BACS+']]"
Chickenpox,PSO-GRAANK,0.6,6.674881219863892,68.7,3,"[0.634, 0.629, 0.614]","[['BUDAPEST+', 'BACS+', 'BORSOD+'], ['BUDAPEST+', 'BARANYA+', 'BORSOD+'], ['BUDAPEST+', 'BEKES+', 'BORSOD+']]"
Chickenpox,PRS-GRAANK,0.6,0.8318746089935303,48.9,3,"[0.6, 0.634, 0.612]","[['BUDAPEST+', 'CSONGRAD+', 'HAJDU+'], ['BUDAPEST+', 'BACS+', 'BORSOD+'], ['BUDAPEST+', 'BEKES+', 'GYOR+']]"
Chickenpox,PRS-GRAANK,0.7,0.8390960693359375,45.7,1,[0.757],"[['BUDAPEST+', 'BARANYA+']]"
Chickenpox,GA-GRAANK,0.7,6.128291130065918,78.8,1,[0.757],"[['BUDAPEST+', 'BARANYA+']]"
Chickenpox,PSO-GRAANK,0.7,3.649524211883545,66.0,2,"[0.755, 0.728]","[['BUDAPEST+', 'BACS+'], ['BUDAPEST+', 'BEKES+']]"
Chickenpox,PRS-GRAANK,0.8,0.5822875499725342,50.7,1,[0.802],"[['BUDAPEST+', 'PEST+']]"
Chickenpox,GA-GRAANK,0.8,7.747452735900879,79.5,1,[0.802],"[['BUDAPEST+', 'PEST+']]"
Chickenpox,PSO-GRAANK,0.8,5.660721302032471,68.6,1,[0.802],"[['BUDAPEST+', 'PEST+']]"
Chickenpox,PRS-GRAANK,0.9,0.6441903114318848,49.8,0,[],[]
Chickenpox,PSO-GRAANK,0.9,3.6266465187072754,69.7,0,[],[]
Chickenpox,GA-GRAANK,0.9,5.741604328155518,76.9,0,[],[]
HCV,GA-GRAANK,0.3,1.5276243686676025,58.5,2,"[0.44, 0.492]","[['Age+', 'ALB+'], ['Age+', 'CHE-']]"
HCV,PSO-GRAANK,0.3,2.1244935989379883,49.3,3,"[0.44, 0.326, 0.492]","[['Age+', 'ALB+'], ['Age+', 'ALP+', 'CHOL+'], ['Age+', 'CHE-']]"
HCV,PRS-GRAANK,0.3,0.6277949810028076,42.0,2,"[0.44, 0.302]","[['Age+', 'ALB+'], ['Age+', 'ALB-', 'CREA-']]"
HCV,GA-GRAANK,0.34,1.2419476509094238,62.2,1,[0.44],"[['Age+', 'ALB+']]"
HCV,PRS-GRAANK,0.34,0.43733906745910645,40.4,1,[0.473],"[['Age+', 'ALT+']]"
HCV,PSO-GRAANK,0.34,1.3207674026489258,48.5,2,"[0.44, 0.544]","[['Age+', 'ALB+'], ['Age+', 'ALP+']]"
HCV,PSO-GRAANK,0.38,1.281874656677246,47.2,2,"[0.473, 0.544]","[['Age+', 'ALT+'], ['Age+', 'ALP+']]"
HCV,PRS-GRAANK,0.38,0.5282416343688965,40.4,2,"[0.44, 0.523]","[['Age+', 'ALB+'], ['Age+', 'ALB-']]"
HCV,GA-GRAANK,0.38,1.1804389953613281,59.9,3,"[0.473, 0.523, 0.468]","[['Age+', 'ALT+'], ['Age+', 'ALB-'], ['Age+', 'BIL+']]"
HCV,GA-GRAANK,0.4,1.311359167098999,62.8,2,"[0.544, 0.523]","[['Age+', 'ALP+'], ['Age+', 'ALB-']]"
HCV,PRS-GRAANK,0.4,0.5666441917419434,41.0,2,"[0.44, 0.523]","[['Age+', 'ALB+'], ['Age+', 'ALB-']]"
HCV,PSO-GRAANK,0.4,1.1516053676605225,47.3,1,[0.544],"[['Age+', 'ALP+']]"
HCV,PSO-GRAANK,0.5,1.5320203304290771,49.2,3,"[0.544, 0.523, 0.549]","[['Age+', 'ALP+'], ['Age+', 'ALB-'], ['Age+', 'CHOL+']]"
HCV,GA-GRAANK,0.5,1.2211203575134277,59.0,2,"[0.523, 0.544]","[['Age+', 'ALB-'], ['Age+', 'ALP+']]"
HCV,PRS-GRAANK,0.5,0.5229365825653076,39.7,1,[0.549],"[['Age+', 'CHOL+']]"
HCV,GA-GRAANK,0.6,1.5252447128295898,58.2,0,[],[]
HCV,PRS-GRAANK,0.6,0.5411388874053955,39.5,0,[],[]
HCV,PSO-GRAANK,0.6,1.290374517440796,48.7,0,[],[]
HCV,GA-GRAANK,0.7,1.2471020221710205,63.5,0,[],[]
HCV,PSO-GRAANK,0.7,1.6412553787231445,48.6,0,[],[]
HCV,PRS-GRAANK,0.7,0.5444202423095703,41.0,0,[],[]
HCV,PRS-GRAANK,0.8,0.48699378967285156,40.5,0,[],[]
HCV,GA-GRAANK,0.8,1.02455472946167,63.1,0,[],[]
HCV,PSO-GRAANK,0.8,1.0757489204406738,48.9,0,[],[]
HCV,GA-GRAANK,0.9,1.1367683410644531,58.2,0,[],[]
HCV,PSO-GRAANK,0.9,1.8977022171020508,48.1,0,[],[]
HCV,PRS-GRAANK,0.9,0.7483127117156982,42.0,0,[],[]
Air Quality,PSO-GRAANK,0.3,1237.4788038730621,69.0,4,"[0.424, 0.314, 0.457, 0.363]","[['CO(GT)+', 'PT08.S1(CO)+', 'C6H6(GT)+', 'NOx(GT)+', 'PT08.S4(NO2)+'], ['CO(GT)+', 'PT08.S1(CO)+', 'PT08.S4(NO2)+', 'PT08.S5(O3)+', 'T+'], ['CO(GT)+', 'PT08.S1(CO)+', 'C6H6(GT)+', 'PT08.S2(NMHC)+', 'PT08.S3(NOx)-', 'NO2(GT)+', 'PT08.S5(O3)+'], ['CO(GT)+', 'PT08.S1(CO)+', 'PT08.S3(NOx)-', 'NO2(GT)+', 'PT08.S4(NO2)+']]"
Air Quality,PRS-GRAANK,0.3,162.81557607650757,49.3,4,"[0.432, 0.507, 0.396, 0.392]","[['CO(GT)+', 'PT08.S2(NMHC)+', 'NO2(GT)+', 'PT08.S4(NO2)+'], ['CO(GT)+', 'PT08.S4(NO2)+', 'PT08.S5(O3)+'], ['CO(GT)+', 'PT08.S1(CO)+', 'NO2(GT)+', 'PT08.S4(NO2)+', 'PT08.S5(O3)+'], ['CO(GT)+', 'PT08.S1(CO)+', 'C6H6(GT)+', 'NO2(GT)+', 'PT08.S4(NO2)+', 'PT08.S5(O3)+']]"
Air Quality,GA-GRAANK,0.3,884.1647229194641,66.7,1,[0.447],"[['CO(GT)+', 'NO2(GT)+', 'PT08.S4(NO2)+']]"
Air Quality,PRS-GRAANK,0.34,137.83262395858765,43.3,1,[0.537],"[['CO(GT)+', 'C6H6(GT)+', 'PT08.S2(NMHC)+', 'NO2(GT)+', 'PT08.S5(O3)+']]"
Air Quality,PSO-GRAANK,0.34,875.4405343532562,62.0,1,[0.392],"[['CO(GT)+', 'PT08.S1(CO)+', 'C6H6(GT)+', 'NO2(GT)+', 'PT08.S4(NO2)+', 'PT08.S5(O3)+']]"
Air Quality,GA-GRAANK,0.34,990.2373886108398,77.8,2,"[0.35, 0.34]","[['CO(GT)+', 'C6H6(GT)+', 'PT08.S2(NMHC)+', 'NOx(GT)+', 'PT08.S3(NOx)-', 'NO2(GT)+', 'PT08.S4(NO2)+'], ['CO(GT)+', 'PT08.S1(CO)+', 'C6H6(GT)+', 'PT08.S2(NMHC)+', 'NOx(GT)+', 'PT08.S3(NOx)-', 'NO2(GT)+', 'PT08.S4(NO2)+']]"
Air Quality,PRS-GRAANK,0.38,157.7598521709442,46.5,2,"[0.38, 0.457]","[['CO(GT)+', 'PT08.S1(CO)+', 'C6H6(GT)+', 'NOx(GT)+', 'NO2(GT)+', 'PT08.S4(NO2)+'], ['CO(GT)+', 'PT08.S1(CO)+', 'C6H6(GT)+', 'PT08.S2(NMHC)+', 'PT08.S3(NOx)-', 'NO2(GT)+', 'PT08.S5(O3)+']]"
Air Quality,PSO-GRAANK,0.38,985.3718817234039,70.2,4,"[0.484, 0.479, 0.38, 0.392]","[['CO(GT)+', 'PT08.S1(CO)+', 'PT08.S2(NMHC)+', 'NOx(GT)+', 'NO2(GT)+', 'PT08.S5(O3)+'], ['CO(GT)+', 'PT08.S2(NMHC)+', 'NOx(GT)+', 'PT08.S3(NOx)-', 'NO2(GT)+'], ['CO(GT)+', 'PT08.S1(CO)+', 'C6H6(GT)+', 'NOx(GT)+', 'NO2(GT)+', 'PT08.S4(NO2)+'], ['CO(GT)+', 'PT08.S1(CO)+', 'C6H6(GT)+', 'PT08.S2(NMHC)+', 'NO2(GT)+', 'PT08.S4(NO2)+', 'PT08.S5(O3)+']]"
Air Quality,GA-GRAANK,0.38,912.7089807987213,75.2,1,[0.604],"[['CO(GT)+', 'PT08.S1(CO)+', 'C6H6(GT)+', 'PT08.S2(NMHC)+', 'PT08.S5(O3)+']]"
Air Quality,PRS-GRAANK,0.4,181.98650860786438,47.3,2,"[0.556, 0.439]","[['CO(GT)+', 'C6H6(GT)+', 'NOx(GT)+', 'PT08.S5(O3)+'], ['CO(GT)+', 'PT08.S1(CO)+', 'C6H6(GT)+', 'PT08.S2(NMHC)+', 'NOx(GT)+', 'PT08.S3(NOx)-', 'NO2(GT)+', 'PT08.S5(O3)+']]"
Air Quality,PSO-GRAANK,0.4,983.4108748435974,66.8,2,"[0.507, 0.439]","[['CO(GT)+', 'PT08.S1(CO)+', 'C6H6(GT)+', 'PT08.S2(NMHC)+', 'NOx(GT)+', 'NO2(GT)+'], ['CO(GT)+', 'PT08.S1(CO)+', 'C6H6(GT)+', 'PT08.S2(NMHC)+', 'NOx(GT)+', 'PT08.S3(NOx)-', 'NO2(GT)+', 'PT08.S5(O3)+']]"
Air Quality,GA-GRAANK,0.4,939.8084533214569,75.7,3,"[0.649, 0.547, 0.478]","[['CO(GT)+', 'PT08.S1(CO)+', 'C6H6(GT)+', 'PT08.S2(NMHC)+'], ['CO(GT)+', 'C6H6(GT)+', 'PT08.S2(NMHC)+', 'NOx(GT)+', 'NO2(GT)+'], ['CO(GT)+', 'PT08.S1(CO)+', 'C6H6(GT)+', 'PT08.S2(NMHC)+', 'PT08.S4(NO2)+', 'PT08.S5(O3)+']]"
Air Quality,PRS-GRAANK,0.5,137.34820103645325,46.3,3,"[0.525, 0.509, 0.502]","[['CO(GT)+', 'PT08.S1(CO)+', 'PT08.S4(NO2)+'], ['CO(GT)+', 'C6H6(GT)+', 'PT08.S2(NMHC)+', 'NOx(GT)+', 'NO2(GT)+', 'PT08.S5(O3)+'], ['CO(GT)+', 'PT08.S1(CO)+', 'PT08.S3(NOx)-', 'NO2(GT)+']]"
Air Quality,PSO-GRAANK,0.5,954.8257839679718,67.0,5,"[0.546, 0.502, 0.604, 0.554, 0.507]","[['CO(GT)+', 'PT08.S1(CO)+', 'NOx(GT)+', 'NO2(GT)+'], ['CO(GT)+', 'C6H6(GT)+', 'PT08.S2(NMHC)+', 'PT08.S3(NOx)-', 'NO2(GT)+'], ['CO(GT)+', 'PT08.S1(CO)+', 'C6H6(GT)+', 'PT08.S2(NMHC)+', 'PT08.S5(O3)+'], ['CO(GT)+', 'PT08.S1(CO)+', 'C6H6(GT)+', 'PT08.S2(NMHC)+', 'NOx(GT)+'], ['CO(GT)+', 'PT08.S1(CO)+', 'C6H6(GT)+', 'PT08.S2(NMHC)+', 'NOx(GT)+', 'NO2(GT)+']]"
Air Quality,GA-GRAANK,0.5,958.2101616859436,73.6,4,"[0.528, 0.507, 0.507, 0.51]","[['CO(GT)+', 'PT08.S1(CO)+', 'C6H6(GT)+', 'NOx(GT)+', 'PT08.S5(O3)+'], ['CO(GT)+', 'PT08.S1(CO)+', 'C6H6(GT)+', 'NOx(GT)+', 'NO2(GT)+'], ['CO(GT)+', 'PT08.S1(CO)+', 'C6H6(GT)+', 'PT08.S2(NMHC)+', 'NOx(GT)+', 'NO2(GT)+'], ['CO(GT)+', 'PT08.S1(CO)+', 'C6H6(GT)+', 'PT08.S2(NMHC)+', 'NO2(GT)+', 'PT08.S5(O3)+']]"
Air Quality,PSO-GRAANK,0.6,996.4648690223694,63.4,3,"[0.649, 0.601, 0.601]","[['CO(GT)+', 'PT08.S1(CO)+', 'PT08.S2(NMHC)+'], ['CO(GT)+', 'C6H6(GT)+', 'NOx(GT)+'], ['CO(GT)+', 'C6H6(GT)+', 'PT08.S2(NMHC)+', 'NOx(GT)+']]"
Air Quality,PRS-GRAANK,0.6,148.30264163017273,42.7,2,"[0.717, 0.601]","[['CO(GT)+', 'PT08.S2(NMHC)+'], ['CO(GT)+', 'C6H6(GT)+', 'NOx(GT)+']]"
Air Quality,GA-GRAANK,0.6,888.9294285774231,72.9,4,"[0.64, 0.601, 0.601, 0.649]","[['CO(GT)+', 'PT08.S2(NMHC)+', 'PT08.S5(O3)+'], ['CO(GT)+', 'C6H6(GT)+', 'NOx(GT)+'], ['CO(GT)+', 'C6H6(GT)+', 'PT08.S2(NMHC)+', 'NOx(GT)+'], ['CO(GT)+', 'PT08.S1(CO)+', 'C6H6(GT)+', 'PT08.S2(NMHC)+']]"
Air Quality,PRS-GRAANK,0.7,124.56837177276611,42.4,2,"[0.705, 0.717]","[['CO(GT)+', 'PT08.S1(CO)+'], ['CO(GT)+', 'C6H6(GT)+', 'PT08.S2(NMHC)+']]"
Air Quality,GA-GRAANK,0.7,912.2421073913574,72.4,2,"[0.717, 0.714]","[['CO(GT)+', 'PT08.S2(NMHC)+'], ['CO(GT)+', 'NOx(GT)+', 'NO2(GT)+']]"
Air Quality,PSO-GRAANK,0.7,983.6833243370056,60.4,2,"[0.717, 0.705]","[['CO(GT)+', 'C6H6(GT)+', 'PT08.S2(NMHC)+'], ['CO(GT)+', 'PT08.S1(CO)+']]"
Air Quality,GA-GRAANK,0.8,1002.9075663089752,67.0,0,[],[]
Air Quality,PRS-GRAANK,0.8,130.2164556980133,42.2,0,[],[]
Air Quality,PSO-GRAANK,0.8,929.4390416145325,60.9,0,[],[]
Air Quality,PRS-GRAANK,0.9,74.52582311630249,41.5,0,[],[]
Air Quality,PSO-GRAANK,0.9,922.934965133667,61.1,0,[],[]
Air Quality,GA-GRAANK,0.9,914.9215497970581,67.0,0,[],[]
HCV,GRAANK,0.3,9.638911962509155,50.3642578125,150,0,
HCV,GRAANK,0.34,9.240743398666382,39.0673828125,120,0,
HCV,GRAANK,0.38,8.967298984527588,30.8095703125,94,0,
HCV,GRAANK,0.4,8.862498998641968,30.0361328125,94,0,
HCV,GRAANK,0.5,7.565296173095703,20.431640625,48,0,
HCV,GRAANK,0.6,7.236838817596436,7.54296875,7,0,
HCV,GRAANK,0.7,7.21399188041687,5.2314453125,0,0,
HCV,GRAANK,0.6,7.222412347793579,7.54296875,7,0,
HCV,GRAANK,0.7,7.196470737457275,5.2314453125,0,0,
HCV,GRAANK,0.8,7.206564903259277,4.4658203125,0,0,
HCV,GRAANK,0.9,7.197826623916626,4.7470703125,0,0,
HCV,GRAANK,1.0,7.053702116012573,4.1767578125,0,0,
HCV,PCA-GRAANK,0.3,5.940489053726196,20.60546875,55,0,
HCV,PCA-GRAANK,0.38,5.813094139099121,22.19140625,55,0,
HCV,PCA-GRAANK,0.4,5.769426584243774,21.61328125,53,0,
HCV,PCA-GRAANK,0.5,5.317227125167847,12.1220703125,23,0,
HCV,PCA-GRAANK,0.6,5.193441390991211,6.1982421875,2,0,
HCV,PCA-GRAANK,0.7,5.196735858917236,4.5205078125,0,0,
HCV,PCA-GRAANK,0.7,5.36274266242981,4.5205078125,0,0,
HCV,PCA-GRAANK,0.8,5.343664169311523,4.3408203125,0,0,
HCV,PCA-GRAANK,0.9,5.369809627532959,4.6298828125,0,0,
HCV,PCA-GRAANK,1.0,5.258557558059692,4.1220703125,0,0,
Air Quality,GRAANK,0.3,2051.565250635147,85.384765625,143,0,
Air Quality,GRAANK,0.34,1995.268863677978,47.6083984375,89,0,
Air Quality,GRAANK,0.38,1965.934084653854,43.2861328125,74,0,
Air Quality,GRAANK,0.4,1949.145992279053,35.4990234375,64,0,
Air Quality,GRAANK,0.5,1910.405424118042,30.2802734375,49,0,
Air Quality,GRAANK,0.6,1892.190096139908,13.0654296875,20,0,
Air Quality,GRAANK,0.7,1879.566165208816,10.1259765625,12,0,
Air Quality,GRAANK,0.8,1877.220607757568,6.6025390625,4,0,
Air Quality,GRAANK,0.9,1879.819982767105,6.83203125,1,0,
Air Quality,GRAANK,1.0,1874.301451444626,6.470703125,0,0,
Air Quality,PCA-GRAANK,0.3,1305.782351732254,25.9501953125,43,0,
Air Quality,PCA-GRAANK,0.34,1292.212834358215,18.1455078125,29,0,
Air Quality,PCA-GRAANK,0.38,1288.010148763657,14.6298828125,22,0,
Air Quality,PCA-GRAANK,0.4,1286.746096372604,13.6923828125,18,0,
Air Quality,PCA-GRAANK,0.5,1282.458552837372,14.8193359375,19,0,
Air Quality,PCA-GRAANK,0.6,1279.170732498169,8.40625,10,0,
Air Quality,PCA-GRAANK,0.7,1277.365500450135,8.171875,7,0,
Air Quality,PCA-GRAANK,0.8,1277.656596422195,6.78515625,2,0,
Air Quality,PCA-GRAANK,0.9,1270.839506626129,4.3251953125,0,0,
Air Quality,PCA-GRAANK,1.0,1268.269704341888,4.1767578125,0,0,
Cargo 2000,GRAANK,0.3,1428.413661241531,286.03125,1039,0,
Cargo 2000,GRAANK,0.34,1342.672670602798,224.0703125,803,0,
Cargo 2000,GRAANK,0.38,1254.269560575485,219.5546875,815,0,
Cargo 2000,GRAANK,0.4,1196.395916461945,209.2109375,775,0,
Cargo 2000,GRAANK,0.5,956.6296951770782,40.681640625,119,0,
Cargo 2000,GRAANK,0.6,946.6579377651216,13.4833984375,16,0,
Cargo 2000,GRAANK,0.7,1021.741391420364,10.5546875,7,0,
Cargo 2000,GRAANK,0.8,1014.245546340942,10.7861328125,4,0,
Cargo 2000,GRAANK,0.9,957.1712138652802,6.5419921875,0,0,
Cargo 2000,GRAANK,1.0,951.3984363079072,6.1904296875,0,0,
Cargo 2000,PCA-GRAANK,0.3,862.0006806850433,150.794921875,541,0,
Cargo 2000,PCA-GRAANK,0.34,839.6047422885895,144.263671875,488,0,
Cargo 2000,PCA-GRAANK,0.38,817.298830986023,135.560546875,479,0,
Cargo 2000,PCA-GRAANK,0.4,800.0456357002258,130.466796875,470,0,
Cargo 2000,PCA-GRAANK,0.5,725.4497623443604,25.4072265625,67,0,
Cargo 2000,PCA-GRAANK,0.6,775.6430015563965,9.2841796875,7,0,
Cargo 2000,PCA-GRAANK,0.7,755.5062980651855,8.203125,4,0,
Cargo 2000,PCA-GRAANK,0.8,708.2376008033752,8.7236328125,2,0,
Cargo 2000,PCA-GRAANK,0.9,704.8682999610901,5.7529296875,0,0,
Cargo 2000,PCA-GRAANK,1.0,702.752769947052,5.1748046875,0,0,
Chickenpox,GRAANK,0.34,172638.2353270054,31800.43359375,41522,0,
Chickenpox,GRAANK,0.38,30516.86672568321,17329.8974609375,22932,0,
Chickenpox,GRAANK,0.4,10529.31548643112,12136.8115234375,16067,0,
Chickenpox,GRAANK,0.5,144.3057799339294,1281.6005859375,2280,0,
Chickenpox,GRAANK,0.6,17.55262279510498,104.4052734375,386,0,
Chickenpox,GRAANK,0.7,11.58083653450012,43.1513671875,117,0,
Chickenpox,GRAANK,0.8,9.806201934814451,7.0341796875,1,0,
Chickenpox,GRAANK,0.9,9.789552211761476,5.6689453125,0,0,
Chickenpox,GRAANK,1.0,9.308707237243652,6.962890625,0,0,
Chickenpox,PCA-GRAANK,0.3,1302.417155981064,2374.8271484375,3141,0,
Chickenpox,PCA-GRAANK,0.34,592.3153891563416,2490.0537109375,3270,0,
Chickenpox,PCA-GRAANK,0.38,212.6374197006226,1847.4130859375,2447,0,
Chickenpox,PCA-GRAANK,0.4,122.6661539077759,1410.2255859375,1892,0,
Chickenpox,PCA-GRAANK,0.5,16.75205707550049,195.4208984375,475,0,
Chickenpox,PCA-GRAANK,0.6,8.494632005691528,38.96875,112,0,
Chickenpox,PCA-GRAANK,0.7,7.503641605377197,19.59765625,44,0,
Chickenpox,PCA-GRAANK,0.8,7.109068632125855,4.3564453125,0,0,
Chickenpox,PCA-GRAANK,0.9,7.121989011764526,4.8564453125,0,0,
Chickenpox,PCA-GRAANK,1.0,6.815718650817871,4.3408203125,0,0,
